city,country,currency,year,quarters,local_per_m2,eur_per_m2,bedrooms
Amsterdam,Netherlands,EUR,2016,4,3768.8,3768.8,1
Amsterdam,Netherlands,EUR,2017,4,4072.98,4072.98,1
Amsterdam,Netherlands,EUR,2018,4,4451.92,4451.92,1
Amsterdam,Netherlands,EUR,2019,4,4774.15,4774.15,1
Amsterdam,Netherlands,EUR,2020,4,5155.67,5155.67,1
Amsterdam,Netherlands,EUR,2021,4,5901.96,5901.96,1
Amsterdam,Netherlands,EUR,2022,4,6686.91,6686.91,1
Amsterdam,Netherlands,EUR,2023,4,6559.31,6559.31,1
Amsterdam,Netherlands,EUR,2024,4,7094.21,7094.21,1
Amsterdam,Netherlands,EUR,2025,4,7700.0,7700.0,1
Amsterdam,Netherlands,EUR,2016,4,3426.18,3426.18,2
Amsterdam,Netherlands,EUR,2017,4,3702.71,3702.71,2
Amsterdam,Netherlands,EUR,2018,4,4047.2,4047.2,2
Amsterdam,Netherlands,EUR,2019,4,4340.14,4340.14,2
Amsterdam,Netherlands,EUR,2020,4,4686.98,4686.98,2
Amsterdam,Netherlands,EUR,2021,4,5365.42,5365.42,2
Amsterdam,Netherlands,EUR,2022,4,6079.01,6079.01,2
Amsterdam,Netherlands,EUR,2023,4,5963.01,5963.01,2
Amsterdam,Netherlands,EUR,2024,4,6449.28,6449.28,2
Amsterdam,Netherlands,EUR,2025,4,7000.0,7000.0,2
Amsterdam,Netherlands,EUR,2016,4,3152.09,3152.09,3
Amsterdam,Netherlands,EUR,2017,4,3406.5,3406.5,3
Amsterdam,Netherlands,EUR,2018,4,3723.43,3723.43,3
Amsterdam,Netherlands,EUR,2019,4,3992.93,3992.93,3
Amsterdam,Netherlands,EUR,2020,4,4312.02,4312.02,3
Amsterdam,Netherlands,EUR,2021,4,4936.18,4936.18,3
Amsterdam,Netherlands,EUR,2022,4,5592.69,5592.69,3
Amsterdam,Netherlands,EUR,2023,4,5485.97,5485.97,3
Amsterdam,Netherlands,EUR,2024,4,5933.34,5933.34,3
Amsterdam,Netherlands,EUR,2025,4,6440.0,6440.0,3
Berlin,Germany,EUR,2016,4,4102.86,4102.86,1
Berlin,Germany,EUR,2017,4,4356.47,4356.47,1
Berlin,Germany,EUR,2018,4,4645.05,4645.05,1
Berlin,Germany,EUR,2019,4,4913.23,4913.23,1
Berlin,Germany,EUR,2020,4,5293.64,5293.64,1
Berlin,Germany,EUR,2021,4,5908.71,5908.71,1
Berlin,Germany,EUR,2022,4,6264.34,6264.34,1
Berlin,Germany,EUR,2023,4,5738.18,5738.18,1
Berlin,Germany,EUR,2024,4,5649.27,5649.27,1
Berlin,Germany,EUR,2025,4,5830.0,5830.0,1
Berlin,Germany,EUR,2016,4,3729.87,3729.87,2
Berlin,Germany,EUR,2017,4,3960.42,3960.42,2
Berlin,Germany,EUR,2018,4,4222.77,4222.77,2
Berlin,Germany,EUR,2019,4,4466.57,4466.57,2
Berlin,Germany,EUR,2020,4,4812.4,4812.4,2
Berlin,Germany,EUR,2021,4,5371.55,5371.55,2
Berlin,Germany,EUR,2022,4,5694.85,5694.85,2
Berlin,Germany,EUR,2023,4,5216.53,5216.53,2
Berlin,Germany,EUR,2024,4,5135.7,5135.7,2
Berlin,Germany,EUR,2025,4,5300.0,5300.0,2
Berlin,Germany,EUR,2016,4,3431.48,3431.48,3
Berlin,Germany,EUR,2017,4,3643.59,3643.59,3
Berlin,Germany,EUR,2018,4,3884.95,3884.95,3
Berlin,Germany,EUR,2019,4,4109.25,4109.25,3
Berlin,Germany,EUR,2020,4,4427.41,4427.41,3
Berlin,Germany,EUR,2021,4,4941.83,4941.83,3
Berlin,Germany,EUR,2022,4,5239.26,5239.26,3
Berlin,Germany,EUR,2023,4,4799.2,4799.2,3
Berlin,Germany,EUR,2024,4,4724.84,4724.84,3
Berlin,Germany,EUR,2025,4,4876.0,4876.0,3
Brussels,Belgium,EUR,2016,4,2875.07,2875.07,1
Brussels,Belgium,EUR,2017,4,2976.71,2976.71,1
Brussels,Belgium,EUR,2018,4,3066.55,3066.55,1
Brussels,Belgium,EUR,2019,4,3181.39,3181.39,1
Brussels,Belgium,EUR,2020,4,3317.8,3317.8,1
Brussels,Belgium,EUR,2021,4,3539.05,3539.05,1
Brussels,Belgium,EUR,2022,4,3734.74,3734.74,1
Brussels,Belgium,EUR,2023,4,3822.33,3822.33,1
Brussels,Belgium,EUR,2024,4,3945.11,3945.11,1
Brussels,Belgium,EUR,2025,4,4070.0,4070.0,1
Brussels,Belgium,EUR,2016,4,2613.7,2613.7,2
Brussels,Belgium,EUR,2017,4,2706.1,2706.1,2
Brussels,Belgium,EUR,2018,4,2787.77,2787.77,2
Brussels,Belgium,EUR,2019,4,2892.17,2892.17,2
Brussels,Belgium,EUR,2020,4,3016.18,3016.18,2
Brussels,Belgium,EUR,2021,4,3217.32,3217.32,2
Brussels,Belgium,EUR,2022,4,3395.22,3395.22,2
Brussels,Belgium,EUR,2023,4,3474.85,3474.85,2
Brussels,Belgium,EUR,2024,4,3586.47,3586.47,2
Brussels,Belgium,EUR,2025,4,3700.0,3700.0,2
Brussels,Belgium,EUR,2016,4,2404.61,2404.61,3
Brussels,Belgium,EUR,2017,4,2489.61,2489.61,3
Brussels,Belgium,EUR,2018,4,2564.75,2564.75,3
Brussels,Belgium,EUR,2019,4,2660.8,2660.8,3
Brussels,Belgium,EUR,2020,4,2774.89,2774.89,3
Brussels,Belgium,EUR,2021,4,2959.94,2959.94,3
Brussels,Belgium,EUR,2022,4,3123.6,3123.6,3
Brussels,Belgium,EUR,2023,4,3196.86,3196.86,3
Brussels,Belgium,EUR,2024,4,3299.55,3299.55,3
Brussels,Belgium,EUR,2025,4,3404.0,3404.0,3
Canberra,Australia,AUD,2016,4,5295.77,3557.54,1
Canberra,Australia,AUD,2017,4,5737.91,3895.56,1
Canberra,Australia,AUD,2018,4,5655.38,3579.56,1
Canberra,Australia,AUD,2019,4,5425.47,3368.63,1
Canberra,Australia,AUD,2020,4,5718.26,3454.32,1
Canberra,Australia,AUD,2021,4,6714.53,4263.94,1
Canberra,Australia,AUD,2022,4,7267.81,4789.78,1
Canberra,Australia,AUD,2023,4,7252.87,4453.78,1
Canberra,Australia,AUD,2024,4,7823.2,4770.41,1
Canberra,Australia,AUD,2025,4,8250.0,4710.63,1
Canberra,Australia,AUD,2016,4,4814.34,3234.13,2
Canberra,Australia,AUD,2017,4,5216.28,3541.42,2
Canberra,Australia,AUD,2018,4,5141.25,3254.14,2
Canberra,Australia,AUD,2019,4,4932.24,3062.39,2
Canberra,Australia,AUD,2020,4,5198.42,3140.29,2
Canberra,Australia,AUD,2021,4,6104.12,3876.31,2
Canberra,Australia,AUD,2022,4,6607.1,4354.34,2
Canberra,Australia,AUD,2023,4,6593.52,4048.89,2
Canberra,Australia,AUD,2024,4,7112.0,4336.74,2
Canberra,Australia,AUD,2025,4,7500.0,4282.39,2
Canberra,Australia,AUD,2016,4,4429.19,2975.4,3
Canberra,Australia,AUD,2017,4,4798.98,3258.1,3
Canberra,Australia,AUD,2018,4,4729.95,2993.81,3
Canberra,Australia,AUD,2019,4,4537.66,2817.4,3
Canberra,Australia,AUD,2020,4,4782.54,2889.07,3
Canberra,Australia,AUD,2021,4,5615.79,3566.2,3
Canberra,Australia,AUD,2022,4,6078.53,4005.99,3
Canberra,Australia,AUD,2023,4,6066.04,3724.98,3
Canberra,Australia,AUD,2024,4,6543.04,3989.8,3
Canberra,Australia,AUD,2025,4,6900.0,3939.8,3
Copenhagen,Denmark,DKK,2016,4,41407.48,5561.52,1
Copenhagen,Denmark,DKK,2017,4,43449.88,5841.1,1
Copenhagen,Denmark,DKK,2018,4,45371.23,6087.5,1
Copenhagen,Denmark,DKK,2019,4,46384.86,6212.75,1
Copenhagen,Denmark,DKK,2020,4,48366.73,6488.35,1
Copenhagen,Denmark,DKK,2021,4,53949.26,7254.12,1
Copenhagen,Denmark,DKK,2022,4,56521.13,7597.36,1
Copenhagen,Denmark,DKK,2023,4,54387.98,7299.43,1
Copenhagen,Denmark,DKK,2024,4,56309.34,7549.3,1
Copenhagen,Denmark,DKK,2025,4,60500.0,8106.25,1
Copenhagen,Denmark,DKK,2016,4,37643.16,5055.92,2
Copenhagen,Denmark,DKK,2017,4,39499.89,5310.09,2
Copenhagen,Denmark,DKK,2018,4,41246.57,5534.09,2
Copenhagen,Denmark,DKK,2019,4,42168.05,5647.96,2
Copenhagen,Denmark,DKK,2020,4,43969.76,5898.5,2
Copenhagen,Denmark,DKK,2021,4,49044.78,6594.66,2
Copenhagen,Denmark,DKK,2022,4,51382.85,6906.69,2
Copenhagen,Denmark,DKK,2023,4,49443.61,6635.84,2
Copenhagen,Denmark,DKK,2024,4,51190.31,6863.0,2
Copenhagen,Denmark,DKK,2025,4,55000.0,7369.32,2
Copenhagen,Denmark,DKK,2016,4,34631.71,4651.45,3
Copenhagen,Denmark,DKK,2017,4,36339.9,4885.28,3
Copenhagen,Denmark,DKK,2018,4,37946.85,5091.36,3
Copenhagen,Denmark,DKK,2019,4,38794.61,5196.12,3
Copenhagen,Denmark,DKK,2020,4,40452.18,5426.62,3
Copenhagen,Denmark,DKK,2021,4,45121.2,6067.08,3
Copenhagen,Denmark,DKK,2022,4,47272.22,6354.16,3
Copenhagen,Denmark,DKK,2023,4,45488.13,6104.98,3
Copenhagen,Denmark,DKK,2024,4,47095.08,6313.96,3
Copenhagen,Denmark,DKK,2025,4,50600.0,6779.77,3
Dublin,Ireland,EUR,2016,4,3297.16,3297.16,1
Dublin,Ireland,EUR,2017,4,3655.36,3655.36,1
Dublin,Ireland,EUR,2018,4,4029.67,4029.67,1
Dublin,Ireland,EUR,2019,4,4123.76,4123.76,1
Dublin,Ireland,EUR,2020,4,4136.54,4136.54,1
Dublin,Ireland,EUR,2021,4,4478.63,4478.63,1
Dublin,Ireland,EUR,2022,4,5030.12,5030.12,1
Dublin,Ireland,EUR,2023,4,5184.55,5184.55,1
Dublin,Ireland,EUR,2024,4,5626.35,5626.35,1
Dublin,Ireland,EUR,2025,4,6050.0,6050.0,1
Dublin,Ireland,EUR,2016,4,2997.42,2997.42,2
Dublin,Ireland,EUR,2017,4,3323.06,3323.06,2
Dublin,Ireland,EUR,2018,4,3663.34,3663.34,2
Dublin,Ireland,EUR,2019,4,3748.87,3748.87,2
Dublin,Ireland,EUR,2020,4,3760.49,3760.49,2
Dublin,Ireland,EUR,2021,4,4071.48,4071.48,2
Dublin,Ireland,EUR,2022,4,4572.84,4572.84,2
Dublin,Ireland,EUR,2023,4,4713.22,4713.22,2
Dublin,Ireland,EUR,2024,4,5114.86,5114.86,2
Dublin,Ireland,EUR,2025,4,5500.0,5500.0,2
Dublin,Ireland,EUR,2016,4,2757.63,2757.63,3
Dublin,Ireland,EUR,2017,4,3057.21,3057.21,3
Dublin,Ireland,EUR,2018,4,3370.27,3370.27,3
Dublin,Ireland,EUR,2019,4,3448.96,3448.96,3
Dublin,Ireland,EUR,2020,4,3459.65,3459.65,3
Dublin,Ireland,EUR,2021,4,3745.76,3745.76,3
Dublin,Ireland,EUR,2022,4,4207.01,4207.01,3
Dublin,Ireland,EUR,2023,4,4336.17,4336.17,3
Dublin,Ireland,EUR,2024,4,4705.67,4705.67,3
Dublin,Ireland,EUR,2025,4,5060.0,5060.0,3
Jerusalem,Israel,ILS,2016,4,25978.42,6114.1,1
Jerusalem,Israel,ILS,2017,4,26991.53,6646.92,1
Jerusalem,Israel,ILS,2018,4,26767.86,6307.52,1
Jerusalem,Israel,ILS,2019,4,27272.77,6833.85,1
Jerusalem,Israel,ILS,2020,4,28106.6,7162.92,1
Jerusalem,Israel,ILS,2021,4,30479.29,7970.21,1
Jerusalem,Israel,ILS,2022,4,35743.83,10108.52,1
Jerusalem,Israel,ILS,2023,4,36963.62,9270.01,1
Jerusalem,Israel,ILS,2024,4,38742.04,9674.86,1
Jerusalem,Israel,ILS,2025,4,39600.0,10171.13,1
Jerusalem,Israel,ILS,2016,4,23616.74,5558.28,2
Jerusalem,Israel,ILS,2017,4,24537.75,6042.66,2
Jerusalem,Israel,ILS,2018,4,24334.41,5734.11,2
Jerusalem,Israel,ILS,2019,4,24793.42,6212.59,2
Jerusalem,Israel,ILS,2020,4,25551.46,6511.74,2
Jerusalem,Israel,ILS,2021,4,27708.45,7245.65,2
Jerusalem,Israel,ILS,2022,4,32494.39,9189.57,2
Jerusalem,Israel,ILS,2023,4,33603.29,8427.28,2
Jerusalem,Israel,ILS,2024,4,35220.04,8795.33,2
Jerusalem,Israel,ILS,2025,4,36000.0,9246.48,2
Jerusalem,Israel,ILS,2016,4,21727.4,5113.61,3
Jerusalem,Israel,ILS,2017,4,22574.73,5559.25,3
Jerusalem,Israel,ILS,2018,4,22387.66,5275.38,3
Jerusalem,Israel,ILS,2019,4,22809.95,5715.58,3
Jerusalem,Israel,ILS,2020,4,23507.34,5990.8,3
Jerusalem,Israel,ILS,2021,4,25491.77,6666.0,3
Jerusalem,Israel,ILS,2022,4,29894.84,8454.4,3
Jerusalem,Israel,ILS,2023,4,30915.03,7753.1,3
Jerusalem,Israel,ILS,2024,4,32402.43,8091.7,3
Jerusalem,Israel,ILS,2025,4,33120.0,8506.76,3
Lisbon,Portugal,EUR,2016,4,2500.81,2500.81,1
Lisbon,Portugal,EUR,2017,4,2731.96,2731.96,1
Lisbon,Portugal,EUR,2018,4,3012.55,3012.55,1
Lisbon,Portugal,EUR,2019,4,3312.54,3312.54,1
Lisbon,Portugal,EUR,2020,4,3602.83,3602.83,1
Lisbon,Portugal,EUR,2021,4,3941.78,3941.78,1
Lisbon,Portugal,EUR,2022,4,4439.82,4439.82,1
Lisbon,Portugal,EUR,2023,4,4803.88,4803.88,1
Lisbon,Portugal,EUR,2024,4,5240.0,5240.0,1
Lisbon,Portugal,EUR,2025,4,6160.0,6160.0,1
Lisbon,Portugal,EUR,2016,4,2273.46,2273.46,2
Lisbon,Portugal,EUR,2017,4,2483.6,2483.6,2
Lisbon,Portugal,EUR,2018,4,2738.68,2738.68,2
Lisbon,Portugal,EUR,2019,4,3011.4,3011.4,2
Lisbon,Portugal,EUR,2020,4,3275.3,3275.3,2
Lisbon,Portugal,EUR,2021,4,3583.44,3583.44,2
Lisbon,Portugal,EUR,2022,4,4036.2,4036.2,2
Lisbon,Portugal,EUR,2023,4,4367.16,4367.16,2
Lisbon,Portugal,EUR,2024,4,4763.64,4763.64,2
Lisbon,Portugal,EUR,2025,4,5600.0,5600.0,2
Lisbon,Portugal,EUR,2016,4,2091.58,2091.58,3
Lisbon,Portugal,EUR,2017,4,2284.91,2284.91,3
Lisbon,Portugal,EUR,2018,4,2519.59,2519.59,3
Lisbon,Portugal,EUR,2019,4,2770.49,2770.49,3
Lisbon,Portugal,EUR,2020,4,3013.28,3013.28,3
Lisbon,Portugal,EUR,2021,4,3296.77,3296.77,3
Lisbon,Portugal,EUR,2022,4,3713.3,3713.3,3
Lisbon,Portugal,EUR,2023,4,4017.79,4017.79,3
Lisbon,Portugal,EUR,2024,4,4382.55,4382.55,3
Lisbon,Portugal,EUR,2025,4,5152.0,5152.0,3
London,United Kingdom,GBP,2016,4,5460.25,6667.82,1
London,United Kingdom,GBP,2017,4,5708.61,6515.6,1
London,United Kingdom,GBP,2018,4,5889.4,6656.6,1
London,United Kingdom,GBP,2019,4,5947.84,6779.66,1
London,United Kingdom,GBP,2020,4,6117.68,6879.87,1
London,United Kingdom,GBP,2021,4,6616.22,7693.25,1
London,United Kingdom,GBP,2022,4,7229.82,8479.66,1
London,United Kingdom,GBP,2023,4,7249.9,8334.11,1
London,United Kingdom,GBP,2024,4,7293.73,8615.41,1
London,United Kingdom,GBP,2025,4,7480.0,8732.08,1
London,United Kingdom,GBP,2016,4,4963.87,6061.66,2
London,United Kingdom,GBP,2017,4,5189.65,5923.27,2
London,United Kingdom,GBP,2018,4,5354.0,6051.45,2
London,United Kingdom,GBP,2019,4,5407.13,6163.33,2
London,United Kingdom,GBP,2020,4,5561.53,6254.42,2
London,United Kingdom,GBP,2021,4,6014.75,6993.86,2
London,United Kingdom,GBP,2022,4,6572.56,7708.78,2
London,United Kingdom,GBP,2023,4,6590.82,7576.46,2
London,United Kingdom,GBP,2024,4,6630.67,7832.19,2
London,United Kingdom,GBP,2025,4,6800.0,7938.26,2
London,United Kingdom,GBP,2016,4,4566.76,5576.72,3
London,United Kingdom,GBP,2017,4,4774.48,5449.41,3
London,United Kingdom,GBP,2018,4,4925.68,5567.34,3
London,United Kingdom,GBP,2019,4,4974.56,5670.26,3
London,United Kingdom,GBP,2020,4,5116.6,5754.07,3
London,United Kingdom,GBP,2021,4,5533.57,6434.35,3
London,United Kingdom,GBP,2022,4,6046.75,7092.08,3
London,United Kingdom,GBP,2023,4,6063.55,6970.35,3
London,United Kingdom,GBP,2024,4,6100.21,7205.61,3
London,United Kingdom,GBP,2025,4,6256.0,7303.2,3
Madrid,Spain,EUR,2016,4,3186.15,3186.15,1
Madrid,Spain,EUR,2017,4,3383.46,3383.46,1
Madrid,Spain,EUR,2018,4,3611.02,3611.02,1
Madrid,Spain,EUR,2019,4,3797.89,3797.89,1
Madrid,Spain,EUR,2020,4,3882.86,3882.86,1
Madrid,Spain,EUR,2021,4,4025.72,4025.72,1
Madrid,Spain,EUR,2022,4,4323.82,4323.82,1
Madrid,Spain,EUR,2023,4,4497.76,4497.76,1
Madrid,Spain,EUR,2024,4,4880.15,4880.15,1
Madrid,Spain,EUR,2025,4,5500.0,5500.0,1
Madrid,Spain,EUR,2016,4,2896.5,2896.5,2
Madrid,Spain,EUR,2017,4,3075.87,3075.87,2
Madrid,Spain,EUR,2018,4,3282.75,3282.75,2
Madrid,Spain,EUR,2019,4,3452.62,3452.62,2
Madrid,Spain,EUR,2020,4,3529.87,3529.87,2
Madrid,Spain,EUR,2021,4,3659.75,3659.75,2
Madrid,Spain,EUR,2022,4,3930.75,3930.75,2
Madrid,Spain,EUR,2023,4,4088.87,4088.87,2
Madrid,Spain,EUR,2024,4,4436.5,4436.5,2
Madrid,Spain,EUR,2025,4,5000.0,5000.0,2
Madrid,Spain,EUR,2016,4,2664.78,2664.78,3
Madrid,Spain,EUR,2017,4,2829.8,2829.8,3
Madrid,Spain,EUR,2018,4,3020.13,3020.13,3
Madrid,Spain,EUR,2019,4,3176.41,3176.41,3
Madrid,Spain,EUR,2020,4,3247.48,3247.48,3
Madrid,Spain,EUR,2021,4,3366.97,3366.97,3
Madrid,Spain,EUR,2022,4,3616.29,3616.29,3
Madrid,Spain,EUR,2023,4,3761.76,3761.76,3
Madrid,Spain,EUR,2024,4,4081.58,4081.58,3
Madrid,Spain,EUR,2025,4,4600.0,4600.0,3
Ottawa,Canada,CAD,2016,4,4235.86,2888.6,1
Ottawa,Canada,CAD,2017,4,4906.16,3350.33,1
Ottawa,Canada,CAD,2018,4,5075.38,3316.83,1
Ottawa,Canada,CAD,2019,4,5108.49,3438.33,1
Ottawa,Canada,CAD,2020,4,5430.99,3550.98,1
Ottawa,Canada,CAD,2021,4,6118.91,4124.67,1
Ottawa,Canada,CAD,2022,4,6663.3,4862.54,1
Ottawa,Canada,CAD,2023,4,6231.96,4269.69,1
Ottawa,Canada,CAD,2024,4,6107.27,4121.21,1
Ottawa,Canada,CAD,2025,4,5940.0,3763.9,1
Ottawa,Canada,CAD,2016,4,3850.78,2626.0,2
Ottawa,Canada,CAD,2017,4,4460.15,3045.75,2
Ottawa,Canada,CAD,2018,4,4613.98,3015.3,2
Ottawa,Canada,CAD,2019,4,4644.08,3125.76,2
Ottawa,Canada,CAD,2020,4,4937.26,3228.16,2
Ottawa,Canada,CAD,2021,4,5562.64,3749.7,2
Ottawa,Canada,CAD,2022,4,6057.55,4420.49,2
Ottawa,Canada,CAD,2023,4,5665.41,3881.53,2
Ottawa,Canada,CAD,2024,4,5552.06,3746.56,2
Ottawa,Canada,CAD,2025,4,5400.0,3421.73,2
Ottawa,Canada,CAD,2016,4,3542.72,2415.92,3
Ottawa,Canada,CAD,2017,4,4103.33,2802.09,3
Ottawa,Canada,CAD,2018,4,4244.86,2774.07,3
Ottawa,Canada,CAD,2019,4,4272.55,2875.7,3
Ottawa,Canada,CAD,2020,4,4542.28,2969.91,3
Ottawa,Canada,CAD,2021,4,5117.63,3449.73,3
Ottawa,Canada,CAD,2022,4,5572.94,4066.85,3
Ottawa,Canada,CAD,2023,4,5212.18,3571.01,3
Ottawa,Canada,CAD,2024,4,5107.9,3446.83,3
Ottawa,Canada,CAD,2025,4,4968.0,3147.99,3
Paris,France,EUR,2016,4,8296.36,8296.36,1
Paris,France,EUR,2017,4,8559.14,8559.14,1
Paris,France,EUR,2018,4,8809.61,8809.61,1
Paris,France,EUR,2019,4,9103.2,9103.2,1
Paris,France,EUR,2020,4,9577.45,9577.45,1
Paris,France,EUR,2021,4,10191.31,10191.31,1
Paris,France,EUR,2022,4,10823.66,10823.66,1
Paris,France,EUR,2023,4,10776.43,10776.43,1
Paris,France,EUR,2024,4,10380.19,10380.19,1
Paris,France,EUR,2025,4,10450.0,10450.0,1
Paris,France,EUR,2016,4,7542.14,7542.14,2
Paris,France,EUR,2017,4,7781.04,7781.04,2
Paris,France,EUR,2018,4,8008.74,8008.74,2
Paris,France,EUR,2019,4,8275.64,8275.64,2
Paris,France,EUR,2020,4,8706.78,8706.78,2
Paris,France,EUR,2021,4,9264.83,9264.83,2
Paris,France,EUR,2022,4,9839.69,9839.69,2
Paris,France,EUR,2023,4,9796.76,9796.76,2
Paris,France,EUR,2024,4,9436.54,9436.54,2
Paris,France,EUR,2025,4,9500.0,9500.0,2
Paris,France,EUR,2016,4,6938.77,6938.77,3
Paris,France,EUR,2017,4,7158.56,7158.56,3
Paris,France,EUR,2018,4,7368.04,7368.04,3
Paris,France,EUR,2019,4,7613.58,7613.58,3
Paris,France,EUR,2020,4,8010.23,8010.23,3
Paris,France,EUR,2021,4,8523.64,8523.64,3
Paris,France,EUR,2022,4,9052.51,9052.51,3
Paris,France,EUR,2023,4,9013.01,9013.01,3
Paris,France,EUR,2024,4,8681.62,8681.62,3
Paris,France,EUR,2025,4,8740.0,8740.0,3
Rome,Italy,EUR,2016,4,3132.69,3132.69,1
Rome,Italy,EUR,2017,4,3098.21,3098.21,1
Rome,Italy,EUR,2018,4,3080.96,3080.96,1
Rome,Italy,EUR,2019,4,3078.24,3078.24,1
Rome,Italy,EUR,2020,4,3137.23,3137.23,1
Rome,Italy,EUR,2021,4,3215.27,3215.27,1
Rome,Italy,EUR,2022,4,3338.69,3338.69,1
Rome,Italy,EUR,2023,4,3382.25,3382.25,1
Rome,Italy,EUR,2024,4,3490.25,3490.25,1
Rome,Italy,EUR,2025,4,3630.0,3630.0,1
Rome,Italy,EUR,2016,4,2847.9,2847.9,2
Rome,Italy,EUR,2017,4,2816.55,2816.55,2
Rome,Italy,EUR,2018,4,2800.87,2800.87,2
Rome,Italy,EUR,2019,4,2798.4,2798.4,2
Rome,Italy,EUR,2020,4,2852.03,2852.03,2
Rome,Italy,EUR,2021,4,2922.98,2922.98,2
Rome,Italy,EUR,2022,4,3035.17,3035.17,2
Rome,Italy,EUR,2023,4,3074.77,3074.77,2
Rome,Italy,EUR,2024,4,3172.95,3172.95,2
Rome,Italy,EUR,2025,4,3300.0,3300.0,2
Rome,Italy,EUR,2016,4,2620.07,2620.07,3
Rome,Italy,EUR,2017,4,2591.23,2591.23,3
Rome,Italy,EUR,2018,4,2576.8,2576.8,3
Rome,Italy,EUR,2019,4,2574.53,2574.53,3
Rome,Italy,EUR,2020,4,2623.86,2623.86,3
Rome,Italy,EUR,2021,4,2689.14,2689.14,3
Rome,Italy,EUR,2022,4,2792.36,2792.36,3
Rome,Italy,EUR,2023,4,2828.79,2828.79,3
Rome,Italy,EUR,2024,4,2919.11,2919.11,3
Rome,Italy,EUR,2025,4,3036.0,3036.0,3
Stockholm,Sweden,SEK,2016,4,84785.36,8955.59,1
Stockholm,Sweden,SEK,2017,4,90415.04,9382.2,1
Stockholm,Sweden,SEK,2018,4,89569.11,8732.71,1
Stockholm,Sweden,SEK,2019,4,91792.47,8670.58,1
Stockholm,Sweden,SEK,2020,4,95648.07,9119.65,1
Stockholm,Sweden,SEK,2021,4,105324.07,10382.02,1
Stockholm,Sweden,SEK,2022,4,109075.87,10263.61,1
Stockholm,Sweden,SEK,2023,4,103437.19,9015.86,1
Stockholm,Sweden,SEK,2024,4,103421.33,9047.52,1
Stockholm,Sweden,SEK,2025,4,104500.0,9444.45,1
Stockholm,Sweden,SEK,2016,4,77077.6,8141.45,2
Stockholm,Sweden,SEK,2017,4,82195.49,8529.27,2
Stockholm,Sweden,SEK,2018,4,81426.47,7938.82,2
Stockholm,Sweden,SEK,2019,4,83447.7,7882.34,2
Stockholm,Sweden,SEK,2020,4,86952.79,8290.59,2
Stockholm,Sweden,SEK,2021,4,95749.15,9438.2,2
Stockholm,Sweden,SEK,2022,4,99159.89,9330.56,2
Stockholm,Sweden,SEK,2023,4,94033.81,8196.23,2
Stockholm,Sweden,SEK,2024,4,94019.39,8225.02,2
Stockholm,Sweden,SEK,2025,4,95000.0,8585.86,2
Stockholm,Sweden,SEK,2016,4,70911.39,7490.13,3
Stockholm,Sweden,SEK,2017,4,75619.85,7846.93,3
Stockholm,Sweden,SEK,2018,4,74912.35,7303.72,3
Stockholm,Sweden,SEK,2019,4,76771.89,7251.76,3
Stockholm,Sweden,SEK,2020,4,79996.57,7627.34,3
Stockholm,Sweden,SEK,2021,4,88089.22,8683.15,3
Stockholm,Sweden,SEK,2022,4,91227.1,8584.11,3
Stockholm,Sweden,SEK,2023,4,86511.1,7540.53,3
Stockholm,Sweden,SEK,2024,4,86497.84,7567.02,3
Stockholm,Sweden,SEK,2025,4,87400.0,7898.99,3
Tokyo,Japan,JPY,2016,4,977516.05,8124.72,1
Tokyo,Japan,JPY,2017,4,1002370.06,7914.2,1
Tokyo,Japan,JPY,2018,4,1021751.4,7834.94,1
Tokyo,Japan,JPY,2019,4,1038244.89,8506.27,1
Tokyo,Japan,JPY,2020,4,1039004.82,8532.14,1
Tokyo,Japan,JPY,2021,4,1100721.81,8476.38,1
Tokyo,Japan,JPY,2022,4,1193221.49,8646.22,1
Tokyo,Japan,JPY,2023,4,1229400.24,8091.24,1
Tokyo,Japan,JPY,2024,4,1264059.61,7716.27,1
Tokyo,Japan,JPY,2025,4,1320000.0,7813.16,1
Tokyo,Japan,JPY,2016,4,888650.96,7386.11,2
Tokyo,Japan,JPY,2017,4,911245.51,7194.73,2
Tokyo,Japan,JPY,2018,4,928864.91,7122.67,2
Tokyo,Japan,JPY,2019,4,943858.99,7732.98,2
Tokyo,Japan,JPY,2020,4,944549.83,7756.49,2
Tokyo,Japan,JPY,2021,4,1000656.19,7705.8,2
Tokyo,Japan,JPY,2022,4,1084746.81,7860.2,2
Tokyo,Japan,JPY,2023,4,1117636.58,7355.67,2
Tokyo,Japan,JPY,2024,4,1149145.1,7014.79,2
Tokyo,Japan,JPY,2025,4,1200000.0,7102.87,2
Tokyo,Japan,JPY,2016,4,817558.88,6795.22,3
Tokyo,Japan,JPY,2017,4,838345.87,6619.15,3
Tokyo,Japan,JPY,2018,4,854555.72,6552.86,3
Tokyo,Japan,JPY,2019,4,868350.27,7114.34,3
Tokyo,Japan,JPY,2020,4,868985.85,7135.97,3
Tokyo,Japan,JPY,2021,4,920603.69,7089.34,3
Tokyo,Japan,JPY,2022,4,997967.06,7231.38,3
Tokyo,Japan,JPY,2023,4,1028225.66,6767.22,3
Tokyo,Japan,JPY,2024,4,1057213.49,6453.61,3
Tokyo,Japan,JPY,2025,4,1104000.0,6534.64,3
Vienna,Austria,EUR,2016,4,4313.3,4313.3,1
Vienna,Austria,EUR,2017,4,4475.26,4475.26,1
Vienna,Austria,EUR,2018,4,4784.25,4784.25,1
Vienna,Austria,EUR,2019,4,4972.52,4972.52,1
Vienna,Austria,EUR,2020,4,5322.14,5322.14,1
Vienna,Austria,EUR,2021,4,5947.89,5947.89,1
Vienna,Austria,EUR,2022,4,6560.49,6560.49,1
Vienna,Austria,EUR,2023,4,6452.91,6452.91,1
Vienna,Austria,EUR,2024,4,6317.25,6317.25,1
Vienna,Austria,EUR,2025,4,6380.0,6380.0,1
Vienna,Austria,EUR,2016,4,3921.18,3921.18,2
Vienna,Austria,EUR,2017,4,4068.42,4068.42,2
Vienna,Austria,EUR,2018,4,4349.32,4349.32,2
Vienna,Austria,EUR,2019,4,4520.47,4520.47,2
Vienna,Austria,EUR,2020,4,4838.31,4838.31,2
Vienna,Austria,EUR,2021,4,5407.18,5407.18,2
Vienna,Austria,EUR,2022,4,5964.08,5964.08,2
Vienna,Austria,EUR,2023,4,5866.29,5866.29,2
Vienna,Austria,EUR,2024,4,5742.95,5742.95,2
Vienna,Austria,EUR,2025,4,5800.0,5800.0,2
Vienna,Austria,EUR,2016,4,3607.49,3607.49,3
Vienna,Austria,EUR,2017,4,3742.95,3742.95,3
Vienna,Austria,EUR,2018,4,4001.38,4001.38,3
Vienna,Austria,EUR,2019,4,4158.83,4158.83,3
Vienna,Austria,EUR,2020,4,4451.25,4451.25,3
Vienna,Austria,EUR,2021,4,4974.6,4974.6,3
Vienna,Austria,EUR,2022,4,5486.96,5486.96,3
Vienna,Austria,EUR,2023,4,5396.98,5396.98,3
Vienna,Austria,EUR,2024,4,5283.51,5283.51,3
Vienna,Austria,EUR,2025,4,5336.0,5336.0,3
Washington DC,United States,USD,2016,4,3965.77,3583.75,1
Washington DC,United States,USD,2017,4,4198.07,3717.47,1
Washington DC,United States,USD,2018,4,4431.01,3750.36,1
Washington DC,United States,USD,2019,4,4606.61,4114.52,1
Washington DC,United States,USD,2020,4,4918.42,4309.56,1
Washington DC,United States,USD,2021,4,5664.53,4786.15,1
Washington DC,United States,USD,2022,4,6379.74,6053.59,1
Washington DC,United States,USD,2023,4,6631.96,6131.73,1
Washington DC,United States,USD,2024,4,6916.19,6391.72,1
Washington DC,United States,USD,2025,4,7040.0,6233.72,1
Washington DC,United States,USD,2016,4,3605.25,3257.96,2
Washington DC,United States,USD,2017,4,3816.43,3379.51,2
Washington DC,United States,USD,2018,4,4028.19,3409.42,2
Washington DC,United States,USD,2019,4,4187.82,3740.47,2
Washington DC,United States,USD,2020,4,4471.29,3917.78,2
Washington DC,United States,USD,2021,4,5149.57,4351.04,2
Washington DC,United States,USD,2022,4,5799.76,5503.26,2
Washington DC,United States,USD,2023,4,6029.06,5574.3,2
Washington DC,United States,USD,2024,4,6287.44,5810.65,2
Washington DC,United States,USD,2025,4,6400.0,5667.01,2
Washington DC,United States,USD,2016,4,3316.83,2997.32,3
Washington DC,United States,USD,2017,4,3511.11,3109.15,3
Washington DC,United States,USD,2018,4,3705.94,3136.66,3
Washington DC,United States,USD,2019,4,3852.8,3441.23,3
Washington DC,United States,USD,2020,4,4113.59,3604.36,3
Washington DC,United States,USD,2021,4,4737.61,4002.96,3
Washington DC,United States,USD,2022,4,5335.78,5063.0,3
Washington DC,United States,USD,2023,4,5546.73,5128.36,3
Washington DC,United States,USD,2024,4,5784.45,5345.8,3
Washington DC,United States,USD,2025,4,5888.0,5213.65,3
